Most common words,Absolute frequency,Relative frequency
the,10.0,0.07246376811594203
and,7.0,0.050724637681159424
",",5.0,0.036231884057971016
AI,4.0,0.028985507246376812
Platform,4.0,0.028985507246376812
Pipelines,4.0,0.028985507246376812
(,4.0,0.028985507246376812
pipeline,4.0,0.028985507246376812
.,4.0,0.028985507246376812
),3.0,0.021739130434782608
